https://raw.githubusercontent.com/allenday/static-transfer-learning/master/example-data/blouse/1000.jpg,blouse,5af19f931ddc77e57f09822fb079fe8994ff0cf6
https://raw.githubusercontent.com/allenday/static-transfer-learning/master/example-data/blouse/1001.jpg,blouse,3156f545a905a7205782ad1cc5f29891ae6d3a5d
https://raw.githubusercontent.com/allenday/static-transfer-learning/master/example-data/blouse/1002.jpg,blouse,40876a39b22e5b06f8ded15cc5146ac8262dad83
https://raw.githubusercontent.com/allenday/static-transfer-learning/master/example-data/blouse/1003.jpg,blouse,e0c1065b5985249d0064ab2f5af1a5bb79bebd1f
https://raw.githubusercontent.com/allenday/static-transfer-learning/master/example-data/blouse/1004.jpg,blouse,04aeb65a2cb23b8b32b57b12c9f001b6a8deee28
https://raw.githubusercontent.com/allenday/static-transfer-learning/master/example-data/blouse/1005.jpg,blouse,5c038fea76139ab1ca8e059e126afb9f952566b6
https://raw.githubusercontent.com/allenday/static-transfer-learning/master/example-data/blouse/1006.jpg,blouse,3ca556d91e03699dc5ccc965f5bf28e132cda867
https://raw.githubusercontent.com/allenday/static-transfer-learning/master/example-data/blouse/1007.jpg,blouse,455cd300a6d20ccb9497e1a33e1302feaad1b60d
https://raw.githubusercontent.com/allenday/static-transfer-learning/master/example-data/blouse/1008.jpg,blouse,0dfad0963b21473e5e1648c64f34ad87034dd4a8
https://raw.githubusercontent.com/allenday/static-transfer-learning/master/example-data/blouse/1009.jpg,blouse,585ee3581f6dfe17d2ff9a5e6abbd6d015ce12f4
https://raw.githubusercontent.com/allenday/static-transfer-learning/master/example-data/blouse/1010.jpg,blouse,783611e7957f8258bcbcb32144db2bca5a8e6d39
https://raw.githubusercontent.com/allenday/static-transfer-learning/master/example-data/blouse/1011.jpg,blouse,84f065ee0fe4b279cccb51277c6141875437f8d6
https://raw.githubusercontent.com/allenday/static-transfer-learning/master/example-data/blouse/1012.jpg,blouse,30560ba0667a107b6fb7b07976fd47d7ac71dd1a
https://raw.githubusercontent.com/allenday/static-transfer-learning/master/example-data/blouse/1013.jpg,blouse,8e7710355bd105040428a35c075201b0fc158789
https://raw.githubusercontent.com/allenday/static-transfer-learning/master/example-data/blouse/1014.jpg,blouse,44c8a70e2d50439fe8c711f989a72a7072283317
https://raw.githubusercontent.com/allenday/static-transfer-learning/master/example-data/blouse/1015.jpg,blouse,216d17dabe27bd9590ded8828698e4e9b15b1a61
https://raw.githubusercontent.com/allenday/static-transfer-learning/master/example-data/blouse/1016.jpg,blouse,f2c5829ce1cbef92eaf8392dce15c65ba6cabc2e
https://raw.githubusercontent.com/allenday/static-transfer-learning/master/example-data/blouse/1017.jpg,blouse,3883c848f75772c051b5e38b3614f3b4b1a9bbcd
https://raw.githubusercontent.com/allenday/static-transfer-learning/master/example-data/blouse/1018.jpg,blouse,5ee6ec0a4f68d33b1683b913968ca9a7af343f1b
https://raw.githubusercontent.com/allenday/static-transfer-learning/master/example-data/blouse/1019.jpg,blouse,d3643ac289b5296aeec14f4b6e93867be10d1153
https://raw.githubusercontent.com/allenday/static-transfer-learning/master/example-data/blouse/1020.jpg,blouse,a1bec583091a00e70bb7ba424cc435c9b8f6b75b
https://raw.githubusercontent.com/allenday/static-transfer-learning/master/example-data/blouse/1021.jpg,blouse,57094678a697abe56d46cf8f7e29e6f7b957a576
https://raw.githubusercontent.com/allenday/static-transfer-learning/master/example-data/blouse/1022.jpg,blouse,72d220fc5cc23fdc9d04abb5d12d886fdad668a4
https://raw.githubusercontent.com/allenday/static-transfer-learning/master/example-data/blouse/1023.jpg,blouse,bb9fc1d40cbc84b069b5bb9749fd5a8c13eb0fc0
https://raw.githubusercontent.com/allenday/static-transfer-learning/master/example-data/blouse/1024.jpg,blouse,0e059f8fa95aad65e1644429d4ce0e9d76664601
https://raw.githubusercontent.com/allenday/static-transfer-learning/master/example-data/blouse/1025.jpg,blouse,4bb4770518404a6bd9c2783ca07177a8aeebb1b1
https://raw.githubusercontent.com/allenday/static-transfer-learning/master/example-data/blouse/1026.jpg,blouse,e5e0f4cdbb084312b7348b05ca53cf6b7d4b142d
https://raw.githubusercontent.com/allenday/static-transfer-learning/master/example-data/blouse/1027.jpg,blouse,439228f8fd339f9e828903343da610bf86d43180
https://raw.githubusercontent.com/allenday/static-transfer-learning/master/example-data/blouse/1028.jpg,blouse,71f826c2a4839a17ec7641e03334a99bc1cc8b01
https://raw.githubusercontent.com/allenday/static-transfer-learning/master/example-data/blouse/1029.jpg,blouse,a86841c8801b46656968a39d5c03c9efcb775eba
https://raw.githubusercontent.com/allenday/static-transfer-learning/master/example-data/blouse/1030.jpg,blouse,66e1e4f813b0d8787ee88b327d17fd33de5a91ef
https://raw.githubusercontent.com/allenday/static-transfer-learning/master/example-data/blouse/1031.jpg,blouse,7bba5f02d6704fc15292bb510464ce0a0f34a34e
https://raw.githubusercontent.com/allenday/static-transfer-learning/master/example-data/blouse/1032.jpg,blouse,abb59c49e76f095dee2b8c7091c83eeb126c3890
https://raw.githubusercontent.com/allenday/static-transfer-learning/master/example-data/blouse/1033.jpg,blouse,ab0f5731dd5363de4164410da7a2bc89b1df99e4
https://raw.githubusercontent.com/allenday/static-transfer-learning/master/example-data/blouse/1034.jpg,blouse,3fee82c248c40afddeaf59a4d12f2b3e146d44b9
https://raw.githubusercontent.com/allenday/static-transfer-learning/master/example-data/blouse/1035.jpg,blouse,428d1741384f301182ff6940595d26e2b87c6dfa
https://raw.githubusercontent.com/allenday/static-transfer-learning/master/example-data/blouse/1036.jpg,blouse,04b491eb5dddbc7649b79cb53c8a5f31f00585e4
https://raw.githubusercontent.com/allenday/static-transfer-learning/master/example-data/blouse/1037.jpg,blouse,49f3556a6d15bf36051f7c95e4644c239211f5e5
https://raw.githubusercontent.com/allenday/static-transfer-learning/master/example-data/blouse/1038.jpg,blouse,2bc1ad819190fffbea0acc124afdad03fa3ae4ee
https://raw.githubusercontent.com/allenday/static-transfer-learning/master/example-data/blouse/1039.jpg,blouse,70c65b3cb5f334247740dc39b27a10a6d49b90e2
https://raw.githubusercontent.com/allenday/static-transfer-learning/master/example-data/blouse/1040.jpg,blouse,e13aaa46c30f9d59925d9715212ed5af9cc267f5
https://raw.githubusercontent.com/allenday/static-transfer-learning/master/example-data/blouse/1041.jpg,blouse,ecc75d01232d9b96e5dea4b9704bd03af2d0be7b
https://raw.githubusercontent.com/allenday/static-transfer-learning/master/example-data/blouse/1042.jpg,blouse,431198f3ab1c17804f986ae2a5d03e86101e74ef
https://raw.githubusercontent.com/allenday/static-transfer-learning/master/example-data/blouse/1043.jpg,blouse,dcbdabc2812c0aaf4d2176bbdc19da5ba7291705
https://raw.githubusercontent.com/allenday/static-transfer-learning/master/example-data/blouse/1044.jpg,blouse,f0c15e0a0a778cbefd64c418cb144fa608714e3a
https://raw.githubusercontent.com/allenday/static-transfer-learning/master/example-data/blouse/1045.jpg,blouse,bb9812beada2ac79eec8ddcf301db2476f1eda1b
https://raw.githubusercontent.com/allenday/static-transfer-learning/master/example-data/blouse/1046.jpg,blouse,28d5a54aa9fe68f9cfc0cff3c9c552f92500c902
https://raw.githubusercontent.com/allenday/static-transfer-learning/master/example-data/blouse/1047.jpg,blouse,eda64370b47b05e0de015115ba08084742d9fe76
https://raw.githubusercontent.com/allenday/static-transfer-learning/master/example-data/blouse/1048.jpg,blouse,9f426d6218c58e92e8b447587e0a54cc33be07a7
https://raw.githubusercontent.com/allenday/static-transfer-learning/master/example-data/blouse/1049.jpg,blouse,723c6326dcdce0747ce0614a67c9752ab632086d
https://raw.githubusercontent.com/allenday/static-transfer-learning/master/example-data/blouse/1050.jpg,blouse,53394e5a430b5403e3089b3dc5553cec49927e91
https://raw.githubusercontent.com/allenday/static-transfer-learning/master/example-data/blouse/1051.jpg,blouse,06a6688975393c3980eaa7dda94f5cc8a8293749
https://raw.githubusercontent.com/allenday/static-transfer-learning/master/example-data/blouse/1052.jpg,blouse,bc3e11a25d8a6f1943608746999c6d56d9abc4d7
https://raw.githubusercontent.com/allenday/static-transfer-learning/master/example-data/blouse/1053.jpg,blouse,95417652e5ee7151f069797961cd49fdd572faee
https://raw.githubusercontent.com/allenday/static-transfer-learning/master/example-data/blouse/1054.jpg,blouse,51a8f8090593c4ec31c7fa9534fe22ead8e24ae0
https://raw.githubusercontent.com/allenday/static-transfer-learning/master/example-data/blouse/1055.jpg,blouse,414888cfbe63f5009db2230ea18f2d07a2539102
https://raw.githubusercontent.com/allenday/static-transfer-learning/master/example-data/blouse/1056.jpg,blouse,8848e7614cf333187df5771dcb52a8619574cb0c
https://raw.githubusercontent.com/allenday/static-transfer-learning/master/example-data/blouse/1057.jpg,blouse,57ef25add8f4fbc48f0dc6dc274277829ee4c7d8
https://raw.githubusercontent.com/allenday/static-transfer-learning/master/example-data/blouse/1058.jpg,blouse,762c78b0d772cf6beeec9a0f12ac26355a46fcf8
https://raw.githubusercontent.com/allenday/static-transfer-learning/master/example-data/blouse/1059.jpg,blouse,c5ed593c04ec983a985cb7e9bd97ed361efd36f2
https://raw.githubusercontent.com/allenday/static-transfer-learning/master/example-data/blouse/1060.jpg,blouse,36ce12af71b44d1ecc5775eec6526bb76b52e7ca
https://raw.githubusercontent.com/allenday/static-transfer-learning/master/example-data/blouse/1061.jpg,blouse,66dc2a724464e57a64752c6f0c661117f7474e0d
https://raw.githubusercontent.com/allenday/static-transfer-learning/master/example-data/blouse/1062.jpg,blouse,7d7b09b99f5c8fe6a8801a88ddd0f6ad2971cf5f
https://raw.githubusercontent.com/allenday/static-transfer-learning/master/example-data/blouse/1063.jpg,blouse,50dc620bd15836ae8caa83a1b39541af80bd3b24
https://raw.githubusercontent.com/allenday/static-transfer-learning/master/example-data/blouse/1064.jpg,blouse,4f8d48701c723693035f0378c3891443de1cbb20
https://raw.githubusercontent.com/allenday/static-transfer-learning/master/example-data/blouse/1065.jpg,blouse,3bc860bdbbc414e0cfed4bb5d011f773f40fbaac
https://raw.githubusercontent.com/allenday/static-transfer-learning/master/example-data/blouse/1066.jpg,blouse,641d0ae04a654b209888d5c2afa1ccf53c4a3853
https://raw.githubusercontent.com/allenday/static-transfer-learning/master/example-data/blouse/1067.jpg,blouse,3c1e8bba848267030668c269b3b41dc69a4e8179
https://raw.githubusercontent.com/allenday/static-transfer-learning/master/example-data/blouse/1068.jpg,blouse,04e73192eb30cc2f08c27a77687a327d1c511301
https://raw.githubusercontent.com/allenday/static-transfer-learning/master/example-data/blouse/1069.jpg,blouse,40d8e01f0f18d4f33cc9779d9c558749e7de7478
https://raw.githubusercontent.com/allenday/static-transfer-learning/master/example-data/blouse/1070.jpg,blouse,9a9aa5388828af6dde95d117e1b4bacd072b519d
https://raw.githubusercontent.com/allenday/static-transfer-learning/master/example-data/blouse/1071.jpg,blouse,e3880cf84792d282697516c0bc995a6553558d16
https://raw.githubusercontent.com/allenday/static-transfer-learning/master/example-data/blouse/1072.jpg,blouse,fb29db8489e4b048a99ab855ce258c26683e0afc
https://raw.githubusercontent.com/allenday/static-transfer-learning/master/example-data/blouse/1073.jpg,blouse,93f332649a6096f5a698c6778abf7b8cb1600471
https://raw.githubusercontent.com/allenday/static-transfer-learning/master/example-data/blouse/1074.jpg,blouse,fbecc80052a12e645293087bd7f8dd606b1e56b9
https://raw.githubusercontent.com/allenday/static-transfer-learning/master/example-data/blouse/1075.jpg,blouse,206c994ecdb1350940ae91782fc19b5f2ae3d241
https://raw.githubusercontent.com/allenday/static-transfer-learning/master/example-data/blouse/1076.jpg,blouse,1639c67bd085989ae3214b7e8d44ac8bbd2983d1
https://raw.githubusercontent.com/allenday/static-transfer-learning/master/example-data/blouse/1077.jpg,blouse,e0737734ea8c80d2eb19ff8bce42b3323e6cb5c9
https://raw.githubusercontent.com/allenday/static-transfer-learning/master/example-data/blouse/1078.jpg,blouse,dd89f7f4ddca0aee1c34166cdc563d77263f802c
https://raw.githubusercontent.com/allenday/static-transfer-learning/master/example-data/blouse/1079.jpg,blouse,439018adce9fd25d90740579a65c0084cfeef2a3
https://raw.githubusercontent.com/allenday/static-transfer-learning/master/example-data/blouse/1080.jpg,blouse,75699c86b5925d6cbe47543ccc48c7da5fd802e4
https://raw.githubusercontent.com/allenday/static-transfer-learning/master/example-data/blouse/1081.jpg,blouse,ed9ffea7682c42f34230ecdc3e287d6a5aea7b6c
https://raw.githubusercontent.com/allenday/static-transfer-learning/master/example-data/blouse/1082.jpg,blouse,5ac53a46b5008bb782599cc9d124694b754ad32c
https://raw.githubusercontent.com/allenday/static-transfer-learning/master/example-data/blouse/1083.jpg,blouse,ce035d6b11e84361623f95a6b9f495b0675626ea
https://raw.githubusercontent.com/allenday/static-transfer-learning/master/example-data/blouse/1084.jpg,blouse,1bc5faf8cedef3ce587b2d637948c4bf6881ad73
https://raw.githubusercontent.com/allenday/static-transfer-learning/master/example-data/blouse/1085.jpg,blouse,d0c1f3d89dc6469231af2bcba393ffed064d0a8d
https://raw.githubusercontent.com/allenday/static-transfer-learning/master/example-data/blouse/1086.jpg,blouse,31bcca23c7cf5e0b9eebc91b24da52e969a49e8f
https://raw.githubusercontent.com/allenday/static-transfer-learning/master/example-data/blouse/1087.jpg,blouse,e3800bc9d7638d3943794211f8b3d23d00d2fac0
https://raw.githubusercontent.com/allenday/static-transfer-learning/master/example-data/blouse/1088.jpg,blouse,20815f95f19573b69470a053bbdd51b54c501d03
https://raw.githubusercontent.com/allenday/static-transfer-learning/master/example-data/blouse/1089.jpg,blouse,d5c6a9207676f55eb823a9a0fd503f5f13746f22
https://raw.githubusercontent.com/allenday/static-transfer-learning/master/example-data/blouse/1090.jpg,blouse,4da2b1f00d8cbfeefeb6921e8bd573ffc3f026ca
https://raw.githubusercontent.com/allenday/static-transfer-learning/master/example-data/blouse/1091.jpg,blouse,d0eeee1b09ebd4517707d5aec2105ea5722ae46f
https://raw.githubusercontent.com/allenday/static-transfer-learning/master/example-data/blouse/1092.jpg,blouse,911520f2a46c76f5f7a973ca15a948914b56dc12
https://raw.githubusercontent.com/allenday/static-transfer-learning/master/example-data/blouse/1093.jpg,blouse,2444ec6124ee60f7c66e0d487341c1f4f16681f6
https://raw.githubusercontent.com/allenday/static-transfer-learning/master/example-data/blouse/1094.jpg,blouse,d272cbe6f1f1b23c301939fb1875c51b7a3ebca2
https://raw.githubusercontent.com/allenday/static-transfer-learning/master/example-data/blouse/1095.jpg,blouse,ed49a9b368967bdef4b3617ad8156eeff4b07bf9
https://raw.githubusercontent.com/allenday/static-transfer-learning/master/example-data/blouse/1096.jpg,blouse,c0ce780ec3edf2451c0102e19b834556f5c4586d
https://raw.githubusercontent.com/allenday/static-transfer-learning/master/example-data/blouse/1097.jpg,blouse,6d6288f4755ed4d2db90dd16425cd396408ab611
https://raw.githubusercontent.com/allenday/static-transfer-learning/master/example-data/blouse/1098.jpg,blouse,5d2cd41cde48159b51f794505bb9bd1fdf52026b
https://raw.githubusercontent.com/allenday/static-transfer-learning/master/example-data/blouse/1099.jpg,blouse,535c6705c2f66916e591c973f5f14d7c77980301
https://raw.githubusercontent.com/allenday/static-transfer-learning/master/example-data/halter/1000.jpg,halter,d6445efb35695f15318ba44b91c851704a72c1ba
https://raw.githubusercontent.com/allenday/static-transfer-learning/master/example-data/halter/1001.jpg,halter,2e3b6a8e6409066ca313b704e560a6974d56598a
https://raw.githubusercontent.com/allenday/static-transfer-learning/master/example-data/halter/1002.jpg,halter,3dbac689e2f0d3b9dc3aef572df5f9686ee74f73
https://raw.githubusercontent.com/allenday/static-transfer-learning/master/example-data/halter/1003.jpg,halter,726a648499bec7e7197ac9d858baff6999d59286
https://raw.githubusercontent.com/allenday/static-transfer-learning/master/example-data/halter/1004.jpg,halter,9a0beb54d4bc6c20867def7304cb1f2117ff71a2
https://raw.githubusercontent.com/allenday/static-transfer-learning/master/example-data/halter/1005.jpg,halter,9b19a02eeb8fc38d9c1344894e48960b5da130a5
https://raw.githubusercontent.com/allenday/static-transfer-learning/master/example-data/halter/1006.jpg,halter,1b7a7f83303d90a8cc77cd6c9e141df73473f2ce
https://raw.githubusercontent.com/allenday/static-transfer-learning/master/example-data/halter/1007.jpg,halter,46864b54913f1ad2bd67561fc99b7a507f9ac290
https://raw.githubusercontent.com/allenday/static-transfer-learning/master/example-data/halter/1008.jpg,halter,d92db2d4ad567764cc86942428aec7fa3e900a50
https://raw.githubusercontent.com/allenday/static-transfer-learning/master/example-data/halter/1009.jpg,halter,7f3cacbfd14c18bfeb42dcf95c194af1324d019d
https://raw.githubusercontent.com/allenday/static-transfer-learning/master/example-data/halter/1010.jpg,halter,9ff0825f582afe59c43bcc7c8ae67424aa9041a2
https://raw.githubusercontent.com/allenday/static-transfer-learning/master/example-data/halter/1011.jpg,halter,a59fc3a89852f83cf0929dc0dcf7c3a7a3b4d089
https://raw.githubusercontent.com/allenday/static-transfer-learning/master/example-data/halter/1012.jpg,halter,a9ce5cfc996a39d541a1881f0797b117381d982a
https://raw.githubusercontent.com/allenday/static-transfer-learning/master/example-data/halter/1013.jpg,halter,fab0c56bbf0f9b0afa723c47d3e8232ab6e733d7
https://raw.githubusercontent.com/allenday/static-transfer-learning/master/example-data/halter/1014.jpg,halter,8fd0e6416ee9bcec3c6e154226327013f9360c4e
https://raw.githubusercontent.com/allenday/static-transfer-learning/master/example-data/halter/1015.jpg,halter,a5a4187925bf3624ccac3d5cade1390bc24e5a4a
https://raw.githubusercontent.com/allenday/static-transfer-learning/master/example-data/halter/1016.jpg,halter,ab477644bbecb983debe938b6f64feffc65c8656
https://raw.githubusercontent.com/allenday/static-transfer-learning/master/example-data/halter/1017.jpg,halter,5067a36da12a3fca467a0b58109b65781c6f7682
https://raw.githubusercontent.com/allenday/static-transfer-learning/master/example-data/halter/1018.jpg,halter,ce66b327fc447d67944fd4f71bfadb6fd2c1d094
https://raw.githubusercontent.com/allenday/static-transfer-learning/master/example-data/halter/1019.jpg,halter,facdbf66c43b3132d07c166dba1510218c95abca
https://raw.githubusercontent.com/allenday/static-transfer-learning/master/example-data/halter/1020.jpg,halter,d4a0845614c64a5a18fab6bd3bb4fa78a16e3a7b
https://raw.githubusercontent.com/allenday/static-transfer-learning/master/example-data/halter/1021.jpg,halter,66c00d73037a959dc8e95e8c4239cea5721ef326
https://raw.githubusercontent.com/allenday/static-transfer-learning/master/example-data/halter/1022.jpg,halter,2a87f9eda08b7f54df1800f965a717f0f355790e
https://raw.githubusercontent.com/allenday/static-transfer-learning/master/example-data/halter/1023.jpg,halter,b728e9bcb7cc77f769dfd439d11c2ff5a05e401f
https://raw.githubusercontent.com/allenday/static-transfer-learning/master/example-data/halter/1024.jpg,halter,b27edfd6b3ba87ac27db400bd948c8abb29e4939
https://raw.githubusercontent.com/allenday/static-transfer-learning/master/example-data/halter/1025.jpg,halter,3bf99f234c1863daff068078529ad5a0edd30684
https://raw.githubusercontent.com/allenday/static-transfer-learning/master/example-data/halter/1026.jpg,halter,20398c4cf44158976ad5d802c77b595179e20988
https://raw.githubusercontent.com/allenday/static-transfer-learning/master/example-data/halter/1027.jpg,halter,80cdd49dd6732c6f03a3d6a0964771315dce95ad
https://raw.githubusercontent.com/allenday/static-transfer-learning/master/example-data/halter/1028.jpg,halter,9f84f7fec72a3e8f067988637a55fa73aaba51cb
https://raw.githubusercontent.com/allenday/static-transfer-learning/master/example-data/halter/1029.jpg,halter,6cea9e9cddae6006ebd0ed1e4218753c286f7bde
https://raw.githubusercontent.com/allenday/static-transfer-learning/master/example-data/halter/1030.jpg,halter,9bb7a7cebd374ceb8d61e1446dfae073c343fb61
https://raw.githubusercontent.com/allenday/static-transfer-learning/master/example-data/halter/1031.jpg,halter,9c4719852399643ce9ee7774826740f6d156f6e2
https://raw.githubusercontent.com/allenday/static-transfer-learning/master/example-data/halter/1032.jpg,halter,70638ca42e42da8f4877c2a8a8b1979985fc392d
https://raw.githubusercontent.com/allenday/static-transfer-learning/master/example-data/halter/1033.jpg,halter,e4ae4fd87ca8201a3940f0444503ab03e9f63933
https://raw.githubusercontent.com/allenday/static-transfer-learning/master/example-data/halter/1034.jpg,halter,a6030c2dd47152a61319270a8cdac8c405ca9b64
https://raw.githubusercontent.com/allenday/static-transfer-learning/master/example-data/halter/1035.jpg,halter,2730b9eae498dc0ca9108d308870ae2a13a8d93e
https://raw.githubusercontent.com/allenday/static-transfer-learning/master/example-data/halter/1036.jpg,halter,b3ec6d5f2ed463399e719268ce79329becfbe83f
https://raw.githubusercontent.com/allenday/static-transfer-learning/master/example-data/halter/1037.jpg,halter,2a1c2cd8b9ad23b71bbfafc96f2f94470f013ed8
https://raw.githubusercontent.com/allenday/static-transfer-learning/master/example-data/halter/1038.jpg,halter,3f613a5182d65d2acc134a04770d4296edc77532
https://raw.githubusercontent.com/allenday/static-transfer-learning/master/example-data/halter/1039.jpg,halter,641eda6b925055ab3fdd8e62daa90e68751fdaae
https://raw.githubusercontent.com/allenday/static-transfer-learning/master/example-data/halter/1040.jpg,halter,4b512758d347e7e30184c9fa75e5c519766e1087
https://raw.githubusercontent.com/allenday/static-transfer-learning/master/example-data/halter/1041.jpg,halter,348c2b45b0a9176ea4fbacd3a7293f4671cb0060
https://raw.githubusercontent.com/allenday/static-transfer-learning/master/example-data/halter/1042.jpg,halter,232466f5f526c9fafa685747ef7e5d987247b149
https://raw.githubusercontent.com/allenday/static-transfer-learning/master/example-data/halter/1043.jpg,halter,b58b7f290a2320d6b3d84a5f021f4ee06337b313
https://raw.githubusercontent.com/allenday/static-transfer-learning/master/example-data/halter/1044.jpg,halter,a033173a4722b72f9adb6a597b8bb77a9d85fb33
https://raw.githubusercontent.com/allenday/static-transfer-learning/master/example-data/halter/1045.jpg,halter,7b5beba0aea8f890877518c229ddbf641b572c15
https://raw.githubusercontent.com/allenday/static-transfer-learning/master/example-data/halter/1046.jpg,halter,9dc6e5a98f58420c7ef1dcacd359e5659e1276d0
https://raw.githubusercontent.com/allenday/static-transfer-learning/master/example-data/halter/1047.jpg,halter,081276ee6092bde8248021709751791df6b579ec
https://raw.githubusercontent.com/allenday/static-transfer-learning/master/example-data/halter/1048.jpg,halter,e42a2ac6a4b4154ae6ba75668f36e1bca640d203
https://raw.githubusercontent.com/allenday/static-transfer-learning/master/example-data/halter/1049.jpg,halter,42efdf0dbfc643c51393946e7a1d090f42150f78
https://raw.githubusercontent.com/allenday/static-transfer-learning/master/example-data/halter/1050.jpg,halter,367a5f6019cbcd8691a3c2a2100e2617ed494a7c
https://raw.githubusercontent.com/allenday/static-transfer-learning/master/example-data/halter/1051.jpg,halter,9671afb5cf25b7802fb8dbfe9649a78dc1545455
https://raw.githubusercontent.com/allenday/static-transfer-learning/master/example-data/halter/1052.jpg,halter,0dec7f04ef544bf09b4afaab8f6418407fd3621a
https://raw.githubusercontent.com/allenday/static-transfer-learning/master/example-data/halter/1053.jpg,halter,71c26af2f8f8b1372a7687a3a6955cd01878ccbe
https://raw.githubusercontent.com/allenday/static-transfer-learning/master/example-data/halter/1054.jpg,halter,1888042976d7028a3456f3a1c7e92bbd13dc8c6b
https://raw.githubusercontent.com/allenday/static-transfer-learning/master/example-data/halter/1055.jpg,halter,aba1a5e2a25ce362c10d7e9a20706776f57324ea
https://raw.githubusercontent.com/allenday/static-transfer-learning/master/example-data/halter/1056.jpg,halter,88dac294eb1ecd79ad52d564fa06531747b46e51
https://raw.githubusercontent.com/allenday/static-transfer-learning/master/example-data/halter/1057.jpg,halter,0fa05e66a0e7ef60f01ab79a343c1708ec1507b1
https://raw.githubusercontent.com/allenday/static-transfer-learning/master/example-data/halter/1058.jpg,halter,5df3ea3fa05eb7e967176996983c33d1304c71fb
https://raw.githubusercontent.com/allenday/static-transfer-learning/master/example-data/halter/1059.jpg,halter,209f60c6b275e446d7d9f2d0388467203dc159ec
https://raw.githubusercontent.com/allenday/static-transfer-learning/master/example-data/halter/1060.jpg,halter,d9147ba42c1dbf3c9e36b073667a604f4568fdbb
https://raw.githubusercontent.com/allenday/static-transfer-learning/master/example-data/halter/1061.jpg,halter,1dee28796fd551e08cda9cd902c94309400fff7a
https://raw.githubusercontent.com/allenday/static-transfer-learning/master/example-data/halter/1062.jpg,halter,fe56d3349c11c8144ffeec4b7a65b4bbb655f0d7
https://raw.githubusercontent.com/allenday/static-transfer-learning/master/example-data/halter/1063.jpg,halter,25d3a0e378bc57d8407a6173e8df49eb38f78e9e
https://raw.githubusercontent.com/allenday/static-transfer-learning/master/example-data/halter/1064.jpg,halter,26521c9aba444371b8443572e32a219d34c37660
https://raw.githubusercontent.com/allenday/static-transfer-learning/master/example-data/halter/1065.jpg,halter,61ecf8b9388279b3f96685a98e701896ec7f291d
https://raw.githubusercontent.com/allenday/static-transfer-learning/master/example-data/halter/1066.jpg,halter,faba328a03d8cc2f0458ae3c5a543f4285e65c61
https://raw.githubusercontent.com/allenday/static-transfer-learning/master/example-data/halter/1067.jpg,halter,f75185473dd1d7eaeccac1fefd281d9baf3ef9fb
https://raw.githubusercontent.com/allenday/static-transfer-learning/master/example-data/halter/1068.jpg,halter,57c82f348dca74b24877233f6d6e9501ab29ab2a
https://raw.githubusercontent.com/allenday/static-transfer-learning/master/example-data/halter/1069.jpg,halter,23408b4dba783401ed2b7949b77ecf92519df8fa
https://raw.githubusercontent.com/allenday/static-transfer-learning/master/example-data/halter/1070.jpg,halter,a770255292beb469f30049915f077ccc07be2511
https://raw.githubusercontent.com/allenday/static-transfer-learning/master/example-data/halter/1071.jpg,halter,66e2f1d324b77d3ccdab0fb997e103b3391636c3
https://raw.githubusercontent.com/allenday/static-transfer-learning/master/example-data/halter/1072.jpg,halter,77a0ed6f6e2dbe4b6f53b7df5208ce1b601c9530
https://raw.githubusercontent.com/allenday/static-transfer-learning/master/example-data/halter/1073.jpg,halter,d78712eaa0046cbfffe8f23cbd6aff0d81ace96a
https://raw.githubusercontent.com/allenday/static-transfer-learning/master/example-data/halter/1074.jpg,halter,d1acccf01820a5982a12c48593ffb15c7856840a
https://raw.githubusercontent.com/allenday/static-transfer-learning/master/example-data/halter/1075.jpg,halter,d1cbb26ec7cdce53f520eed50f92f0e3e9c85cbd
https://raw.githubusercontent.com/allenday/static-transfer-learning/master/example-data/halter/1076.jpg,halter,7bd9a051d2a60a2dea7323ef2946ba52a820be5c
https://raw.githubusercontent.com/allenday/static-transfer-learning/master/example-data/halter/1077.jpg,halter,0082f4e15da66e0cf3dc16e8d42e789000a5bc80
https://raw.githubusercontent.com/allenday/static-transfer-learning/master/example-data/halter/1078.jpg,halter,9b5b1a5596abb560a3faafc30f0d7f1e03d4be99
https://raw.githubusercontent.com/allenday/static-transfer-learning/master/example-data/halter/1079.jpg,halter,a6d61f3255cd78177cca414249c2655ad425a8af
https://raw.githubusercontent.com/allenday/static-transfer-learning/master/example-data/halter/1080.jpg,halter,d3414461608f7e5aaf1956b1f5fce75b958e79d3
https://raw.githubusercontent.com/allenday/static-transfer-learning/master/example-data/halter/1081.jpg,halter,55ab90e8475494a448fb84fe41eaa72ddddcaf42
https://raw.githubusercontent.com/allenday/static-transfer-learning/master/example-data/halter/1082.jpg,halter,dd0946dd21e4bf6ff30a9e568cc062492be511f5
https://raw.githubusercontent.com/allenday/static-transfer-learning/master/example-data/halter/1083.jpg,halter,c0b49467a11ab00ca7b90a2ff40fa6584b67a801
https://raw.githubusercontent.com/allenday/static-transfer-learning/master/example-data/halter/1084.jpg,halter,97a887d71aee852b25c2f768b0d34457d0584a23
https://raw.githubusercontent.com/allenday/static-transfer-learning/master/example-data/halter/1085.jpg,halter,25ba42ad434eea2e631e86a4d5914548321bb5df
https://raw.githubusercontent.com/allenday/static-transfer-learning/master/example-data/halter/1086.jpg,halter,736954e8f29a135ec714d7a506c9fa2ee67090b0
https://raw.githubusercontent.com/allenday/static-transfer-learning/master/example-data/halter/1087.jpg,halter,49449e24e8a328f81fa4d7cd32469d5f856ad518
https://raw.githubusercontent.com/allenday/static-transfer-learning/master/example-data/halter/1088.jpg,halter,97f711d919450184b1dd4e4515041da77cc997ed
https://raw.githubusercontent.com/allenday/static-transfer-learning/master/example-data/halter/1089.jpg,halter,e985f30b7ebae60fe22dcf5e8e65f5a7d99ddc55
https://raw.githubusercontent.com/allenday/static-transfer-learning/master/example-data/halter/1090.jpg,halter,39f7acbc6a3bc27070db79147aa9c94c8840c00a
https://raw.githubusercontent.com/allenday/static-transfer-learning/master/example-data/halter/1091.jpg,halter,25e60f2a1f3eb94e568a763ff8aedbc8c22f964f
https://raw.githubusercontent.com/allenday/static-transfer-learning/master/example-data/halter/1092.jpg,halter,4ac5adabf6d74ba7a1f47d199b60560dad5dcc88
https://raw.githubusercontent.com/allenday/static-transfer-learning/master/example-data/halter/1093.jpg,halter,8d3ed4daf0978e401b56dcf8d9308eae939ab202
https://raw.githubusercontent.com/allenday/static-transfer-learning/master/example-data/halter/1094.jpg,halter,4558d763931cb196d5f7312d07fc06a7319a4f06
https://raw.githubusercontent.com/allenday/static-transfer-learning/master/example-data/halter/1095.jpg,halter,6296b766aa1f0670db28b3ebfb0096eb2dc86084
https://raw.githubusercontent.com/allenday/static-transfer-learning/master/example-data/halter/1096.jpg,halter,9e0e68485092e8779d6f13b68f51669e0540c452
https://raw.githubusercontent.com/allenday/static-transfer-learning/master/example-data/halter/1097.jpg,halter,42fd9db87aaa47b7b15b7ddf8ecf4aa921f5ccf6
https://raw.githubusercontent.com/allenday/static-transfer-learning/master/example-data/halter/1098.jpg,halter,5878bbec8d2319b23dcac8b1fc2b8c1daacd133f
https://raw.githubusercontent.com/allenday/static-transfer-learning/master/example-data/halter/1099.jpg,halter,a1a56a91596463171dbd5550f36b169fe6ed2f26
https://raw.githubusercontent.com/allenday/static-transfer-learning/master/example-data/sweater/1000.jpg,sweater,d9ddb2ec5f92e6f04c6ecf8662d67f7c3724acac
https://raw.githubusercontent.com/allenday/static-transfer-learning/master/example-data/sweater/1001.jpg,sweater,11a4d9524a184befa2a5efb384b24e5a44fa5f40
https://raw.githubusercontent.com/allenday/static-transfer-learning/master/example-data/sweater/1002.jpg,sweater,5ad60159e12374a29344aab029d292d39ac33143
https://raw.githubusercontent.com/allenday/static-transfer-learning/master/example-data/sweater/1003.jpg,sweater,3e8af57d55cae47b4de9d0a14fbe57de89ee9fb0
https://raw.githubusercontent.com/allenday/static-transfer-learning/master/example-data/sweater/1004.jpg,sweater,4bec28da34e5e27fa97507fbc9152a2cf60266a9
https://raw.githubusercontent.com/allenday/static-transfer-learning/master/example-data/sweater/1005.jpg,sweater,f5a38988a8f60eb2302a0e982e77191f82bf3c35
https://raw.githubusercontent.com/allenday/static-transfer-learning/master/example-data/sweater/1006.jpg,sweater,a010ed989a8544f6524f80a9ba83fb92b1d56973
https://raw.githubusercontent.com/allenday/static-transfer-learning/master/example-data/sweater/1007.jpg,sweater,936ff171527f5597888658fd9067700687493eed
https://raw.githubusercontent.com/allenday/static-transfer-learning/master/example-data/sweater/1008.jpg,sweater,a223f534e3b997e18c3c45890ad38d97d5a69425
https://raw.githubusercontent.com/allenday/static-transfer-learning/master/example-data/sweater/1009.jpg,sweater,8898d52bd3335f5903d8e41b37b9d5fc93e25bb2
https://raw.githubusercontent.com/allenday/static-transfer-learning/master/example-data/sweater/1010.jpg,sweater,d82b505d496c57acd3eb02b3d479356bf2c8c113
https://raw.githubusercontent.com/allenday/static-transfer-learning/master/example-data/sweater/1011.jpg,sweater,0a8e2448980bb7a3c0a8cc2915da09f8e425d93f
https://raw.githubusercontent.com/allenday/static-transfer-learning/master/example-data/sweater/1012.jpg,sweater,2900504deecbe638617c470ea2cd9fe78ef8056c
https://raw.githubusercontent.com/allenday/static-transfer-learning/master/example-data/sweater/1013.jpg,sweater,4480209c5b2a4399cb85c5d369c1bc7c1a8ecfb5
https://raw.githubusercontent.com/allenday/static-transfer-learning/master/example-data/sweater/1014.jpg,sweater,f55dc95619044464402af7ac3eb250a8133427bc
https://raw.githubusercontent.com/allenday/static-transfer-learning/master/example-data/sweater/1015.jpg,sweater,73ccdefe61909b58589d4b0508686ab959a8a103
https://raw.githubusercontent.com/allenday/static-transfer-learning/master/example-data/sweater/1016.jpg,sweater,943ab3932880f00bbe00d5c264e7f54b1cb6c131
https://raw.githubusercontent.com/allenday/static-transfer-learning/master/example-data/sweater/1017.jpg,sweater,89c7a1e7b7541f60f92d1e3de6788f07da4acdc0
https://raw.githubusercontent.com/allenday/static-transfer-learning/master/example-data/sweater/1018.jpg,sweater,e9f7922980e8891d0c028b108508d18760715a8c
https://raw.githubusercontent.com/allenday/static-transfer-learning/master/example-data/sweater/1019.jpg,sweater,d5540ee21d0de18cc1f430237f0f16a6fe0e0ced
https://raw.githubusercontent.com/allenday/static-transfer-learning/master/example-data/sweater/1020.jpg,sweater,dc5997cc67d622762bf9df514c0ac04b6f4847ee
https://raw.githubusercontent.com/allenday/static-transfer-learning/master/example-data/sweater/1021.jpg,sweater,d6473ec925115b830b0c2ad021bc0bc3265b3eae
https://raw.githubusercontent.com/allenday/static-transfer-learning/master/example-data/sweater/1022.jpg,sweater,9c4027eb9e10e0ad36e37e426ed46786e21a0655
https://raw.githubusercontent.com/allenday/static-transfer-learning/master/example-data/sweater/1023.jpg,sweater,4b86566f805d553c385ea8ee288577e2dd0c02a0
https://raw.githubusercontent.com/allenday/static-transfer-learning/master/example-data/sweater/1024.jpg,sweater,a991979d06b7a1830070693125b58def44505b40
https://raw.githubusercontent.com/allenday/static-transfer-learning/master/example-data/sweater/1025.jpg,sweater,2e8afbd4c147ee03f5dc634c213caa086d155f17
https://raw.githubusercontent.com/allenday/static-transfer-learning/master/example-data/sweater/1026.jpg,sweater,7167989e93f407f866ddc9ba1da19094b7fe648d
https://raw.githubusercontent.com/allenday/static-transfer-learning/master/example-data/sweater/1027.jpg,sweater,03ec317f2b75f8f26370236b97c60b38b35b1974
https://raw.githubusercontent.com/allenday/static-transfer-learning/master/example-data/sweater/1028.jpg,sweater,9b8f839c9c98d9e13d4fef41d72e477d2cfd7db4
https://raw.githubusercontent.com/allenday/static-transfer-learning/master/example-data/sweater/1029.jpg,sweater,c15d11a3ad1793c6d6e149a83e9419461f069272
https://raw.githubusercontent.com/allenday/static-transfer-learning/master/example-data/sweater/1030.jpg,sweater,381984d72ba5c621919ac2a0b0d3b24cf93a16f2
https://raw.githubusercontent.com/allenday/static-transfer-learning/master/example-data/sweater/1031.jpg,sweater,5e2aecc6f5228094891652b4dd6c4bcacdd5fb37
https://raw.githubusercontent.com/allenday/static-transfer-learning/master/example-data/sweater/1032.jpg,sweater,a9d40ce1a3ce3f4df5eefe99e581436a342f5b31
https://raw.githubusercontent.com/allenday/static-transfer-learning/master/example-data/sweater/1033.jpg,sweater,36d5b9776a36815d4cce700ec8e79309af9787df
https://raw.githubusercontent.com/allenday/static-transfer-learning/master/example-data/sweater/1034.jpg,sweater,5499e8b32c50c8f58c4df658fec87cee078b3e47
https://raw.githubusercontent.com/allenday/static-transfer-learning/master/example-data/sweater/1035.jpg,sweater,cfb1bf28baf9d4e5ea3514ebffd730b1bd1089f2
https://raw.githubusercontent.com/allenday/static-transfer-learning/master/example-data/sweater/1036.jpg,sweater,ac69208a2f2fc910ced339eba24708ea2ff3deb5
https://raw.githubusercontent.com/allenday/static-transfer-learning/master/example-data/sweater/1037.jpg,sweater,5944811004e5d8b285e2533df1ba66050278201c
https://raw.githubusercontent.com/allenday/static-transfer-learning/master/example-data/sweater/1038.jpg,sweater,2181b33f0bb131dbfbf0c74f67044f81f7a41620
https://raw.githubusercontent.com/allenday/static-transfer-learning/master/example-data/sweater/1039.jpg,sweater,78c59e8e0ca844d3690a457e90dacec07f42653d
https://raw.githubusercontent.com/allenday/static-transfer-learning/master/example-data/sweater/1040.jpg,sweater,f9da730f76d186e923751b639849a977425d5554
https://raw.githubusercontent.com/allenday/static-transfer-learning/master/example-data/sweater/1041.jpg,sweater,2b6cd7b36574292a44748a81fb724049fe79b535
https://raw.githubusercontent.com/allenday/static-transfer-learning/master/example-data/sweater/1042.jpg,sweater,89e9583aede2fe4f4a658c4b2b9d2fa36ad1eacf
https://raw.githubusercontent.com/allenday/static-transfer-learning/master/example-data/sweater/1043.jpg,sweater,77a036900a3447aedc9930e4a639da89e4e13d6a
https://raw.githubusercontent.com/allenday/static-transfer-learning/master/example-data/sweater/1044.jpg,sweater,dab9d9a194f50ac07274f37487582a434d7573c0
https://raw.githubusercontent.com/allenday/static-transfer-learning/master/example-data/sweater/1045.jpg,sweater,dafea4221a35cc42bb0863e3c5e710ee0dca4b1d
https://raw.githubusercontent.com/allenday/static-transfer-learning/master/example-data/sweater/1046.jpg,sweater,975e8246439a7edf2700bd9bb63d70649a59e4ed
https://raw.githubusercontent.com/allenday/static-transfer-learning/master/example-data/sweater/1047.jpg,sweater,996ae43cd7d8be5f274fe9155e7d0c73defb7ad4
https://raw.githubusercontent.com/allenday/static-transfer-learning/master/example-data/sweater/1048.jpg,sweater,95df8bb24b6a03d6e52aac840e63f6e0079b7f76
https://raw.githubusercontent.com/allenday/static-transfer-learning/master/example-data/sweater/1049.jpg,sweater,e7dbf9a6ecd0aac3bc0730d8d07294ce8f212a2c
https://raw.githubusercontent.com/allenday/static-transfer-learning/master/example-data/sweater/1050.jpg,sweater,9208d57dc0798b1e3162588d537f88ba11d5a044
https://raw.githubusercontent.com/allenday/static-transfer-learning/master/example-data/sweater/1051.jpg,sweater,d473ee869c86c588a79531abb575fb71890ed67f
https://raw.githubusercontent.com/allenday/static-transfer-learning/master/example-data/sweater/1052.jpg,sweater,06c4a6ce6171c57f2b11d2d67981b14fc098a236
https://raw.githubusercontent.com/allenday/static-transfer-learning/master/example-data/sweater/1053.jpg,sweater,bb078dde590888034acfbc53a3979854bee81857
https://raw.githubusercontent.com/allenday/static-transfer-learning/master/example-data/sweater/1054.jpg,sweater,c508ae9475c741b102c1af8a9b3fbbea089694e3
https://raw.githubusercontent.com/allenday/static-transfer-learning/master/example-data/sweater/1055.jpg,sweater,6f50456daeffb8f885171de5bceec81cc3f72452
https://raw.githubusercontent.com/allenday/static-transfer-learning/master/example-data/sweater/1056.jpg,sweater,08c5be9cea4557c80d3bb28a68d4318c799df9e8
https://raw.githubusercontent.com/allenday/static-transfer-learning/master/example-data/sweater/1057.jpg,sweater,43baa097c26769ec28e9eab3bef8beeee9abb399
https://raw.githubusercontent.com/allenday/static-transfer-learning/master/example-data/sweater/1058.jpg,sweater,63dcf13a0e87ce64f48c7aa947bedbac4836f85b
https://raw.githubusercontent.com/allenday/static-transfer-learning/master/example-data/sweater/1059.jpg,sweater,94f5839508ff474e42de04edaad77607b9570934
https://raw.githubusercontent.com/allenday/static-transfer-learning/master/example-data/sweater/1060.jpg,sweater,747676eba8a401abb27461a8e6d8cd19609f5c2a
https://raw.githubusercontent.com/allenday/static-transfer-learning/master/example-data/sweater/1061.jpg,sweater,be7497b8b14fb235623e27b4960bc57a53be75a5
https://raw.githubusercontent.com/allenday/static-transfer-learning/master/example-data/sweater/1062.jpg,sweater,717d5f86c2b90299c6f171f86f681e0f08a15cbd
https://raw.githubusercontent.com/allenday/static-transfer-learning/master/example-data/sweater/1063.jpg,sweater,47212d424a052fe28fa19a47b2394e790b98e47e
https://raw.githubusercontent.com/allenday/static-transfer-learning/master/example-data/sweater/1064.jpg,sweater,ccc7b623f2796d9ff81c91bf778f97be5d06a4ff
https://raw.githubusercontent.com/allenday/static-transfer-learning/master/example-data/sweater/1065.jpg,sweater,8192284e4b7e8acf48bde2cdef7c0d3b8acc0534
https://raw.githubusercontent.com/allenday/static-transfer-learning/master/example-data/sweater/1066.jpg,sweater,f4d9cef07b0eef40c5c986c96051aee04a87c9fe
https://raw.githubusercontent.com/allenday/static-transfer-learning/master/example-data/sweater/1067.jpg,sweater,4dfda5e14a3833a67441f2c7c6de717702dd435b
https://raw.githubusercontent.com/allenday/static-transfer-learning/master/example-data/sweater/1068.jpg,sweater,2ebf938dc9e7046e751f030150b1b00cf83da182
https://raw.githubusercontent.com/allenday/static-transfer-learning/master/example-data/sweater/1069.jpg,sweater,d7bc57be2f82e7aa70483ef2ed80c2353f74c119
https://raw.githubusercontent.com/allenday/static-transfer-learning/master/example-data/sweater/1070.jpg,sweater,31845cffd12a3338c554735a224e80426652cfa2
https://raw.githubusercontent.com/allenday/static-transfer-learning/master/example-data/sweater/1071.jpg,sweater,66fad8e1843c23c97aeca28de317450eb0817f79
https://raw.githubusercontent.com/allenday/static-transfer-learning/master/example-data/sweater/1072.jpg,sweater,9c758a4d6cfa892b497cad425944733a6f7ed70e
https://raw.githubusercontent.com/allenday/static-transfer-learning/master/example-data/sweater/1073.jpg,sweater,fe32505a562eff16bee1bc726246b2b34e3da98d
https://raw.githubusercontent.com/allenday/static-transfer-learning/master/example-data/sweater/1074.jpg,sweater,37081bfd47f3d5589a642d60cfdf29f14ddf29dc
https://raw.githubusercontent.com/allenday/static-transfer-learning/master/example-data/sweater/1075.jpg,sweater,5bb05da3ab98bcde6ed861cc15903507c160caf3
https://raw.githubusercontent.com/allenday/static-transfer-learning/master/example-data/sweater/1076.jpg,sweater,9590f4cb9461bcfb0dd7acbe1ca338fd29b8e39e
https://raw.githubusercontent.com/allenday/static-transfer-learning/master/example-data/sweater/1077.jpg,sweater,4324a0c0c8748d4376f4b758c05a7a44fd8a3f1e
https://raw.githubusercontent.com/allenday/static-transfer-learning/master/example-data/sweater/1078.jpg,sweater,8928f208f707f2360f978741eceeef86d4ae4278
https://raw.githubusercontent.com/allenday/static-transfer-learning/master/example-data/sweater/1079.jpg,sweater,202fd518730393a88f61fd94e4a27afaa22e3c64
https://raw.githubusercontent.com/allenday/static-transfer-learning/master/example-data/sweater/1080.jpg,sweater,c33f7205c6ecfaf8b60e05de53d9f89936e61ea3
https://raw.githubusercontent.com/allenday/static-transfer-learning/master/example-data/sweater/1081.jpg,sweater,433a94595414715638c1879c959ea8b86aa4f1f8
https://raw.githubusercontent.com/allenday/static-transfer-learning/master/example-data/sweater/1082.jpg,sweater,4cebb3613814a83d6c8ba84c185983cb0b2ff643
https://raw.githubusercontent.com/allenday/static-transfer-learning/master/example-data/sweater/1083.jpg,sweater,9520b87f6266d522e37c9b316d8af603ebc6cd35
https://raw.githubusercontent.com/allenday/static-transfer-learning/master/example-data/sweater/1084.jpg,sweater,2a3ce8d71bfb310525c235ad47f16e0b589af55c
https://raw.githubusercontent.com/allenday/static-transfer-learning/master/example-data/sweater/1085.jpg,sweater,25c2124f3542bc668d233dd45237b7ad1070d2e9
https://raw.githubusercontent.com/allenday/static-transfer-learning/master/example-data/sweater/1086.jpg,sweater,8ca44cbbe3fead1b309f0e20c932492774a69b5d
https://raw.githubusercontent.com/allenday/static-transfer-learning/master/example-data/sweater/1087.jpg,sweater,84682fb5789325c37c043127eb174fa1088f7c70
https://raw.githubusercontent.com/allenday/static-transfer-learning/master/example-data/sweater/1088.jpg,sweater,52865aaafe30eff2c8a29ed078125ab3fcd3dbe0
https://raw.githubusercontent.com/allenday/static-transfer-learning/master/example-data/sweater/1089.jpg,sweater,201574ca9c611cdaf9db3e3b76cd0ff886cef838
https://raw.githubusercontent.com/allenday/static-transfer-learning/master/example-data/sweater/1090.jpg,sweater,b7dd009c1d8ffbc6cf12000d7c51b3cabd5472f2
https://raw.githubusercontent.com/allenday/static-transfer-learning/master/example-data/sweater/1091.jpg,sweater,f2748fe7574b6425217990f162ee463c45df8d9b
https://raw.githubusercontent.com/allenday/static-transfer-learning/master/example-data/sweater/1092.jpg,sweater,416a57f5a97e3f9d792b21d654d9fd270a4e7ccc
https://raw.githubusercontent.com/allenday/static-transfer-learning/master/example-data/sweater/1093.jpg,sweater,0f511f2100a9caddce2070dffd35888cb9c4c170
https://raw.githubusercontent.com/allenday/static-transfer-learning/master/example-data/sweater/1094.jpg,sweater,3cf8d6bd58194f094e6e5759231276ebc87a0bb3
https://raw.githubusercontent.com/allenday/static-transfer-learning/master/example-data/sweater/1095.jpg,sweater,4ea5f2bcb4375de392fa1f751e3598d272d4da2a
https://raw.githubusercontent.com/allenday/static-transfer-learning/master/example-data/sweater/1096.jpg,sweater,e812c8b12794dfde632602d7a58ed50f971106b8
https://raw.githubusercontent.com/allenday/static-transfer-learning/master/example-data/sweater/1097.jpg,sweater,caef19fe49849c51a94e0cc79cf6633271de9c82
https://raw.githubusercontent.com/allenday/static-transfer-learning/master/example-data/sweater/1098.jpg,sweater,eab45f956d49b8bb94eb4d0ca460120ce72da04b
https://raw.githubusercontent.com/allenday/static-transfer-learning/master/example-data/sweater/1099.jpg,sweater,f815075ef32075b5f9e051591f54b9b94662d1f6
